Label,# Samples,Average,Median,90% Line,95% Line,99% Line,Min,Max,Error %,Throughput,Received KB/sec,Sent KB/sec
HTTP 58928	85	52	210	250	307	5	937	0.0	588.3386581469648	93.6515637480032	123.52813623202876