Label,# Samples,Average,Median,90% Line,95% Line,99% Line,Min,Max,Error %,Throughput,Received KB/sec,Sent KB/sec
HTTP Request	71659	70	43	162	207	269	5	1165	0.0	715.6596424647958	113.91847824390793	150.26056946282333
TOTAL	71659	70	43	162	207	269	5	1165	0.0	715.6596424647958	113.91847824390793	150.26056946282333