Label,# Samples,Average,Median,90% Line,95% Line,99% Line,Min,Max,Error %,Throughput,Received KB/sec,Sent KB/sec
HTTP Request	67949	74	36	201	262	389	2	614	0.0	677.9781088173373	107.92034349338475	142.34891933176516
TOTAL	67949	74	36	201	262	389	2	614	0.0	677.9781088173373	107.92034349338475	142.34891933176516