Label,# Samples,Average,Median,90% Line,95% Line,99% Line,Min,Max,Error %,Throughput,Received KB/sec,Sent KB/sec
HTTP Request	59285	85	45	221	263	328	6	939	0.0	591.7493462160381	94.19447600899825	124.24424749653144
TOTAL	59285	85	45	221	263	328	6	939	0.0	591.7493462160381	94.19447600899825	124.24424749653144