Samples,Average,Median,90% Line,95% Line,99% Line,Min,Max,Error %,Throughput,Received KB/sec,Sent KB/sec
212110	2	2	5	6	17	0	1008	0.42833435481589743	2135.557725803691	194.35264238897335	0.0